Pos	MHC	Peptide	Core	Of	Gp	Gl	Ip	Il	Icore	Identity	Score_EL	%Rank_EL	Score_BA	%Rank_BA	Aff(nM)	Dummy	BindLevel	Predictor	PeptType	Allele
1	HLA-C*16:01	VEDSELEEE	VEDSELEEE	0	0	0	0	0	VEDSELEEE	PEPLIST	1e-06	80.0	0.007234999999999999	93.64399999999999	46235.23			NetMHCpan4_1	PeptMut	HLA-C16:01
1	HLA-C*16:01	EDSELEEEH	EDSELEEEH	0	0	0	0	0	EDSELEEEH	PEPLIST	3e-06	65.0	0.00606	95.333	46826.77			NetMHCpan4_1	PeptMut	HLA-C16:01
1	HLA-C*16:01	DSELEEEHG	DSELEEEHG	0	0	0	0	0	DSELEEEHG	PEPLIST	0.0	100.0	0.006806	94.428	46450.32			NetMHCpan4_1	PeptMut	HLA-C16:01
1	HLA-C*16:01	SELEEEHGA	SELEEEHGA	0	0	0	0	0	SELEEEHGA	PEPLIST	3e-06	65.0	0.008902	90.596	45408.77			NetMHCpan4_1	PeptMut	HLA-C16:01
1	HLA-C*16:01	ELEEEHGAD	ELEEEHGAD	0	0	0	0	0	ELEEEHGAD	PEPLIST	0.0	100.0	0.0053950000000000005	95.846	47164.92			NetMHCpan4_1	PeptMut	HLA-C16:01
1	HLA-C*16:01	LEEEHGADP	LEEEHGADP	0	0	0	0	0	LEEEHGADP	PEPLIST	0.0	100.0	0.006321	95.132	46694.72			NetMHCpan4_1	PeptMut	HLA-C16:01
1	HLA-C*16:01	EEEHGADPG	EEEHGADPG	0	0	0	0	0	EEEHGADPG	PEPLIST	0.0	100.0	0.004618	96.444	47563.11			NetMHCpan4_1	PeptMut	HLA-C16:01
1	HLA-C*16:01	EEHGADPGH	EEHGADPGH	0	0	0	0	0	EEHGADPGH	PEPLIST	1e-06	80.0	0.006253	95.185	46729.09			NetMHCpan4_1	PeptMut	HLA-C16:01
1	HLA-C*16:01	EHGADPGHL	EHGADPGHL	0	0	0	0	0	EHGADPGHL	PEPLIST	2.1e-05	44.5	0.022379	66.75399999999999	39247.48			NetMHCpan4_1	PeptMut	HLA-C16:01
1	HLA-C*16:01	HGADPGHLP	HGADPGHLP	0	0	0	0	0	HGADPGHLP	PEPLIST	0.000426	18.735	0.05424400000000001	37.264	27802.2			NetMHCpan4_1	PeptMut	HLA-C16:01
1	HLA-C*16:01	GADPGHLPP	GADPGHLPP	0	0	0	0	0	GADPGHLPP	PEPLIST	0.000683	15.867	0.087011	24.096999999999998	19503.3			NetMHCpan4_1	PeptMut	HLA-C16:01
1	HLA-C*16:01	ADPGHLPPA	ADPGHLPPA	0	0	0	0	0	ADPGHLPPA	PEPLIST	2.3e-05	43.5	0.033797	52.882	34686.37			NetMHCpan4_1	PeptMut	HLA-C16:01
1	HLA-C*16:01	DPGHLPPAT	DPGHLPPAT	0	0	0	0	0	DPGHLPPAT	PEPLIST	0.000101	29.364	0.026342	61.312	37600.18			NetMHCpan4_1	PeptMut	HLA-C16:01
1	HLA-C*16:01	PGHLPPATG	PGHLPPATG	0	0	0	0	0	PGHLPPATG	PEPLIST	2e-06	70.0	0.011142	86.29899999999999	44321.45			NetMHCpan4_1	PeptMut	HLA-C16:01
1	HLA-C*16:01	GHLPPATGV	GHLPPATGV	0	0	0	0	0	GHLPPATGV	PEPLIST	0.000213	23.467	0.054442	37.154	27742.7			NetMHCpan4_1	PeptMut	HLA-C16:01
1	HLA-C*16:01	HLPPATGVR	HLPPATGVR	0	0	0	0	0	HLPPATGVR	PEPLIST	0.00024900000000000004	22.389	0.07210499999999999	29.041	22916.63			NetMHCpan4_1	PeptMut	HLA-C16:01
1	HLA-C*16:01	LPPATGVRE	LPPATGVRE	0	0	0	0	0	LPPATGVRE	PEPLIST	4.1e-05	37.5	0.035176	51.50899999999999	34172.69			NetMHCpan4_1	PeptMut	HLA-C16:01
1	HLA-C*16:01	PPATGVREG	PPATGVREG	0	0	0	0	0	PPATGVREG	PEPLIST	3e-06	65.0	0.012901	82.90899999999999	43485.91			NetMHCpan4_1	PeptMut	HLA-C16:01
1	HLA-C*16:01	PATGVREGG	PATGVREGG	0	0	0	0	0	PATGVREGG	PEPLIST	0.0	100.0	0.011095	86.39	44344.01			NetMHCpan4_1	PeptMut	HLA-C16:01
1	HLA-C*16:01	ATGVREGGP	ATGVREGGP	0	0	0	0	0	ATGVREGGP	PEPLIST	1e-06	80.0	0.011588	85.43700000000001	44108.11			NetMHCpan4_1	PeptMut	HLA-C16:01
1	HLA-C*16:01	TGVREGGPA	TGVREGGPA	0	0	0	0	0	TGVREGGPA	PEPLIST	1.6e-05	47.5	0.075279	27.891	22142.99			NetMHCpan4_1	PeptMut	HLA-C16:01
1	HLA-C*16:01	GVREGGPAH	GVREGGPAH	0	0	0	0	0	GVREGGPAH	PEPLIST	0.004738	7.484	0.11539	17.545	14346.83			NetMHCpan4_1	PeptMut	HLA-C16:01
1	HLA-C*16:01	VREGGPAHQ	VREGGPAHQ	0	0	0	0	0	VREGGPAHQ	PEPLIST	7.000000000000001e-06	56.667	0.016765000000000002	75.71	41705.35			NetMHCpan4_1	PeptMut	HLA-C16:01
1	HLA-C*16:01	REGGPAHQV	REGGPAHQV	0	0	0	0	0	REGGPAHQV	PEPLIST	0.0005200000000000001	17.488	0.046013	42.428999999999995	30391.79			NetMHCpan4_1	PeptMut	HLA-C16:01
1	HLA-C*16:01	EGGPAHQVL	EGGPAHQVL	0	0	0	0	0	EGGPAHQVL	PEPLIST	0.036828	2.747	0.20496799999999998	7.92	5442.92			NetMHCpan4_1	PeptMut	HLA-C16:01
1	HLA-C*16:01	GGPAHQVLC	GGPAHQVLC	0	0	0	0	0	GGPAHQVLC	PEPLIST	0.000229	22.944000000000003	0.044627	43.434	30850.98			NetMHCpan4_1	PeptMut	HLA-C16:01
1	HLA-C*16:01	GPAHQVLCR	GPAHQVLCR	0	0	0	0	0	GPAHQVLCR	PEPLIST	7.2e-05	32.25	0.029751999999999997	57.21	36238.16			NetMHCpan4_1	PeptMut	HLA-C16:01
1	HLA-C*16:01	PAHQVLCRG	PAHQVLCRG	0	0	0	0	0	PAHQVLCRG	PEPLIST	2e-06	70.0	0.018116999999999998	73.41199999999999	41099.71			NetMHCpan4_1	PeptMut	HLA-C16:01
1	HLA-C*16:01	AHQVLCRGT	AHQVLCRGT	0	0	0	0	0	AHQVLCRGT	PEPLIST	2e-06	70.0	0.016130000000000002	76.868	41992.89			NetMHCpan4_1	PeptMut	HLA-C16:01
1	HLA-C*16:01	HQVLCRGTG	HQVLCRGTG	0	0	0	0	0	HQVLCRGTG	PEPLIST	1e-06	80.0	0.038363	48.518	33014.41			NetMHCpan4_1	PeptMut	HLA-C16:01
1	HLA-C*16:01	QVLCRGTGA	QVLCRGTGA	0	0	0	0	0	QVLCRGTGA	PEPLIST	3.3e-05	39.667	0.065083	31.971999999999998	24725.6			NetMHCpan4_1	PeptMut	HLA-C16:01
1	HLA-C*16:01	VLCRGTGAP	VLCRGTGAP	0	0	0	0	0	VLCRGTGAP	PEPLIST	3e-06	65.0	0.023958	64.476	38582.64			NetMHCpan4_1	PeptMut	HLA-C16:01
1	HLA-C*16:01	LCRGTGAPA	LCRGTGAPA	0	0	0	0	0	LCRGTGAPA	PEPLIST	9.300000000000001e-05	30.090999999999998	0.10895899999999999	18.768	15380.66			NetMHCpan4_1	PeptMut	HLA-C16:01
1	HLA-C*16:01	CRGTGAPAE	CRGTGAPAE	0	0	0	0	0	CRGTGAPAE	PEPLIST	2e-06	70.0	0.019044	71.884	40689.55			NetMHCpan4_1	PeptMut	HLA-C16:01
1	HLA-C*16:01	RGTGAPAEL	RGTGAPAEL	0	0	0	0	0	RGTGAPAEL	PEPLIST	0.050629	2.2569999999999997	0.33163200000000004	3.094	1382.42			NetMHCpan4_1	PeptMut	HLA-C16:01
1	HLA-C*16:01	GTGAPAELP	GTGAPAELP	0	0	0	0	0	GTGAPAELP	PEPLIST	4e-06	62.5	0.017499	74.431	41375.46			NetMHCpan4_1	PeptMut	HLA-C16:01
1	HLA-C*16:01	TGAPAELPS	TGAPAELPS	0	0	0	0	0	TGAPAELPS	PEPLIST	5.2000000000000004e-05	35.333	0.083457	25.183000000000003	20267.87			NetMHCpan4_1	PeptMut	HLA-C16:01
1	HLA-C*16:01	GAPAELPSP	GAPAELPSP	0	0	0	0	0	GAPAELPSP	PEPLIST	0.000133	27.061999999999998	0.041703	45.684	31842.63			NetMHCpan4_1	PeptMut	HLA-C16:01
1	HLA-C*16:01	APAELPSPT	APAELPSPT	0	0	0	0	0	APAELPSPT	PEPLIST	0.000582	16.805999999999997	0.092578	22.558000000000003	18363.22			NetMHCpan4_1	PeptMut	HLA-C16:01
1	HLA-C*16:01	VAEEFLKNV	VAEEFLKNV	0	0	0	0	0	VAEEFLKNV	PEPLIST	0.08058799999999999	1.619	0.336528	2.986	1311.1	<=	WB	NetMHCpan4_1	PeptMut	HLA-C16:01
1	HLA-C*16:01	AEEFLKNVS	AEEFLKNVS	0	0	0	0	0	AEEFLKNVS	PEPLIST	0.0	100.0	0.008578	91.18799999999999	45568.24			NetMHCpan4_1	PeptMut	HLA-C16:01
1	HLA-C*16:01	EEFLKNVSR	EEFLKNVSR	0	0	0	0	0	EEFLKNVSR	PEPLIST	4.9e-05	35.833	0.021522	68.023	39613.1			NetMHCpan4_1	PeptMut	HLA-C16:01
1	HLA-C*16:01	EFLKNVSRS	EFLKNVSRS	0	0	0	0	0	EFLKNVSRS	PEPLIST	5e-06	60.0	0.015631	77.778	42220.2			NetMHCpan4_1	PeptMut	HLA-C16:01
1	HLA-C*16:01	FLKNVSRSS	FLKNVSRSS	0	0	0	0	0	FLKNVSRSS	PEPLIST	0.000503	17.686	0.113998	17.803	14564.54			NetMHCpan4_1	PeptMut	HLA-C16:01
1	HLA-C*16:01	LKNVSRSSG	LKNVSRSSG	0	0	0	0	0	LKNVSRSSG	PEPLIST	1e-06	80.0	0.027168	60.216	37265.63			NetMHCpan4_1	PeptMut	HLA-C16:01
1	HLA-C*16:01	KNVSRSSGE	KNVSRSSGE	0	0	0	0	0	KNVSRSSGE	PEPLIST	5e-06	60.0	0.019989	70.32600000000001	40275.62			NetMHCpan4_1	PeptMut	HLA-C16:01
1	HLA-C*16:01	NVSRSSGED	NVSRSSGED	0	0	0	0	0	NVSRSSGED	PEPLIST	1e-06	80.0	0.020521	69.505	40044.46			NetMHCpan4_1	PeptMut	HLA-C16:01
1	HLA-C*16:01	VSRSSGEDP	VSRSSGEDP	0	0	0	0	0	VSRSSGEDP	PEPLIST	0.00010700000000000001	28.846	0.05318099999999999	37.855	28123.81			NetMHCpan4_1	PeptMut	HLA-C16:01
1	HLA-C*16:01	SRSSGEDPP	SRSSGEDPP	0	0	0	0	0	SRSSGEDPP	PEPLIST	2e-06	70.0	0.014029	80.73899999999999	42958.39			NetMHCpan4_1	PeptMut	HLA-C16:01
1	HLA-C*16:01	RSSGEDPPR	RSSGEDPPR	0	0	0	0	0	RSSGEDPPR	PEPLIST	0.0005650000000000001	16.971	0.092905	22.47	18298.36			NetMHCpan4_1	PeptMut	HLA-C16:01
1	HLA-C*16:01	SSGEDPPRR	SSGEDPPRR	0	0	0	0	0	SSGEDPPRR	PEPLIST	0.000499	17.733	0.048520999999999995	40.727	29578.17			NetMHCpan4_1	PeptMut	HLA-C16:01
1	HLA-C*16:01	SGEDPPRRL	SGEDPPRRL	0	0	0	0	0	SGEDPPRRL	PEPLIST	0.078163	1.6569999999999998	0.170685	10.485999999999999	7887.26	<=	WB	NetMHCpan4_1	PeptMut	HLA-C16:01
1	HLA-C*16:01	GEDPPRRLT	GEDPPRRLT	0	0	0	0	0	GEDPPRRLT	PEPLIST	2.6000000000000002e-05	42.333	0.012037	84.571	43894.35			NetMHCpan4_1	PeptMut	HLA-C16:01
1	HLA-C*16:01	EVEDSELEEE	EVEDSELEE	0	7	1	0	0	EVEDSELEEE	PEPLIST	0.0	100.0	0.006248	95.189	46731.62			NetMHCpan4_1	PeptMut	HLA-C16:01
1	HLA-C*16:01	VEDSELEEEH	VEDELEEEH	0	3	1	0	0	VEDSELEEEH	PEPLIST	2e-06	70.0	0.008806	90.771	45455.97			NetMHCpan4_1	PeptMut	HLA-C16:01
1	HLA-C*16:01	EDSELEEEHG	ESELEEEHG	0	1	1	0	0	EDSELEEEHG	PEPLIST	0.0	100.0	0.003275	97.478	48259.3			NetMHCpan4_1	PeptMut	HLA-C16:01
1	HLA-C*16:01	DSELEEEHGA	DSLEEEHGA	0	2	1	0	0	DSELEEEHGA	PEPLIST	1e-06	80.0	0.0077269999999999995	92.744	45989.74			NetMHCpan4_1	PeptMut	HLA-C16:01
1	HLA-C*16:01	SELEEEHGAD	SLEEEHGAD	0	1	1	0	0	SELEEEHGAD	PEPLIST	0.0	100.0	0.0049380000000000005	96.197	47398.7			NetMHCpan4_1	PeptMut	HLA-C16:01
1	HLA-C*16:01	ELEEEHGADP	EEEEHGADP	0	1	1	0	0	ELEEEHGADP	PEPLIST	0.0	100.0	0.003432	97.35700000000001	48177.39			NetMHCpan4_1	PeptMut	HLA-C16:01
1	HLA-C*16:01	LEEEHGADPG	LEEEHGAPG	0	7	1	0	0	LEEEHGADPG	PEPLIST	0.0	100.0	0.005751	95.571	46983.59			NetMHCpan4_1	PeptMut	HLA-C16:01
1	HLA-C*16:01	EEEHGADPGH	EEEHGAPGH	0	6	1	0	0	EEEHGADPGH	PEPLIST	0.0	100.0	0.0040409999999999995	96.88799999999999	47860.96			NetMHCpan4_1	PeptMut	HLA-C16:01
1	HLA-C*16:01	EEHGADPGHL	EEHGAPGHL	0	5	1	0	0	EEHGADPGHL	PEPLIST	4e-06	62.5	0.012286	84.09200000000001	43776.24			NetMHCpan4_1	PeptMut	HLA-C16:01
1	HLA-C*16:01	EHGADPGHLP	EGADPGHLP	0	1	1	0	0	EHGADPGHLP	PEPLIST	7.000000000000001e-06	56.667	0.011753	85.118	44029.41			NetMHCpan4_1	PeptMut	HLA-C16:01
1	HLA-C*16:01	HGADPGHLPP	HADPGHLPP	0	1	1	0	0	HGADPGHLPP	PEPLIST	0.000129	27.311999999999998	0.06836	30.554000000000002	23864.29			NetMHCpan4_1	PeptMut	HLA-C16:01
1	HLA-C*16:01	GADPGHLPPA	GADPGHLPA	0	7	1	0	0	GADPGHLPPA	PEPLIST	0.00028	21.575	0.117093	17.23	14084.9			NetMHCpan4_1	PeptMut	HLA-C16:01
1	HLA-C*16:01	ADPGHLPPAT	APGHLPPAT	0	1	1	0	0	ADPGHLPPAT	PEPLIST	1e-06	80.0	0.012389	83.89399999999999	43727.48			NetMHCpan4_1	PeptMut	HLA-C16:01
1	HLA-C*16:01	DPGHLPPATG	DPHLPPATG	0	2	1	0	0	DPGHLPPATG	PEPLIST	5e-06	60.0	0.014537999999999999	79.77199999999999	42722.48			NetMHCpan4_1	PeptMut	HLA-C16:01
1	HLA-C*16:01	PGHLPPATGV	PGHPPATGV	0	3	1	0	0	PGHLPPATGV	PEPLIST	5e-06	60.0	0.020044	70.236	40251.65			NetMHCpan4_1	PeptMut	HLA-C16:01
1	HLA-C*16:01	GHLPPATGVR	GHLPPATVR	0	7	1	0	0	GHLPPATGVR	PEPLIST	3.7e-05	38.5	0.027444999999999997	59.869	37154.09			NetMHCpan4_1	PeptMut	HLA-C16:01
1	HLA-C*16:01	HLPPATGVRE	HLPPATVRE	0	6	1	0	0	HLPPATGVRE	PEPLIST	1.3000000000000001e-05	50.0	0.027058	60.361999999999995	37310.0			NetMHCpan4_1	PeptMut	HLA-C16:01
1	HLA-C*16:01	LPPATGVREG	LPPATGREG	0	6	1	0	0	LPPATGVREG	PEPLIST	6e-06	58.333	0.029172000000000003	57.879	36466.29			NetMHCpan4_1	PeptMut	HLA-C16:01
1	HLA-C*16:01	PPATGVREGG	PPATGVREG	0	8	1	0	0	PPATGVREGG	PEPLIST	0.0	100.0	0.005037	96.12100000000001	47347.96			NetMHCpan4_1	PeptMut	HLA-C16:01
1	HLA-C*16:01	PATGVREGGP	PATGVREGP	0	7	1	0	0	PATGVREGGP	PEPLIST	0.0	100.0	0.003922999999999999	96.979	47922.11			NetMHCpan4_1	PeptMut	HLA-C16:01
1	HLA-C*16:01	ATGVREGGPA	ATVREGGPA	0	2	1	0	0	ATGVREGGPA	PEPLIST	2e-06	70.0	0.041579000000000005	45.785	31885.37			NetMHCpan4_1	PeptMut	HLA-C16:01
1	HLA-C*16:01	TGVREGGPAH	TVREGGPAH	0	1	1	0	0	TGVREGGPAH	PEPLIST	0.000663	16.019000000000002	0.076664	27.406999999999996	21813.65			NetMHCpan4_1	PeptMut	HLA-C16:01
1	HLA-C*16:01	GVREGGPAHQ	GVREGGPAH	0	0	0	0	0	GVREGGPAH	PEPLIST	1.8e-05	46.0	0.021856	67.528	39470.2			NetMHCpan4_1	PeptMut	HLA-C16:01
1	HLA-C*16:01	VREGGPAHQV	VREGGPHQV	0	6	1	0	0	VREGGPAHQV	PEPLIST	3.8e-05	38.25	0.02773	59.54	37039.71			NetMHCpan4_1	PeptMut	HLA-C16:01
1	HLA-C*16:01	REGGPAHQVL	RGGPAHQVL	0	1	1	0	0	REGGPAHQVL	PEPLIST	0.0028469999999999997	9.277000000000001	0.134024	14.65	11727.22			NetMHCpan4_1	PeptMut	HLA-C16:01
1	HLA-C*16:01	EGGPAHQVLC	EGGPAHQVL	0	0	0	0	0	EGGPAHQVL	PEPLIST	6e-06	58.333	0.019721000000000002	70.768	40392.59			NetMHCpan4_1	PeptMut	HLA-C16:01
1	HLA-C*16:01	GGPAHQVLCR	GGPAHQVLR	0	8	1	0	0	GGPAHQVLCR	PEPLIST	1.2e-05	51.0	0.021988999999999998	67.331	39413.45			NetMHCpan4_1	PeptMut	HLA-C16:01
1	HLA-C*16:01	GPAHQVLCRG	GAHQVLCRG	0	1	1	0	0	GPAHQVLCRG	PEPLIST	0.0	100.0	0.015927	77.238	42085.2			NetMHCpan4_1	PeptMut	HLA-C16:01
1	HLA-C*16:01	PAHQVLCRGT	PAHQVLRGT	0	6	1	0	0	PAHQVLCRGT	PEPLIST	0.0	100.0	0.010291	87.945	44731.45			NetMHCpan4_1	PeptMut	HLA-C16:01
1	HLA-C*16:01	AHQVLCRGTG	AHVLCRGTG	0	2	1	0	0	AHQVLCRGTG	PEPLIST	0.0	100.0	0.015432	78.141	42311.21			NetMHCpan4_1	PeptMut	HLA-C16:01
1	HLA-C*16:01	HQVLCRGTGA	HQVLRGTGA	0	4	1	0	0	HQVLCRGTGA	PEPLIST	4e-06	62.5	0.040606	46.595	32222.82			NetMHCpan4_1	PeptMut	HLA-C16:01
1	HLA-C*16:01	QVLCRGTGAP	QVLCRGTAP	0	7	1	0	0	QVLCRGTGAP	PEPLIST	1e-06	80.0	0.02009	70.16	40231.64			NetMHCpan4_1	PeptMut	HLA-C16:01
1	HLA-C*16:01	VLCRGTGAPA	VLRGTGAPA	0	2	1	0	0	VLCRGTGAPA	PEPLIST	6e-06	58.333	0.055697	36.483000000000004	27368.52			NetMHCpan4_1	PeptMut	HLA-C16:01
1	HLA-C*16:01	LCRGTGAPAE	LCRGGAPAE	0	4	1	0	0	LCRGTGAPAE	PEPLIST	4e-06	62.5	0.026673000000000002	60.873000000000005	37465.74			NetMHCpan4_1	PeptMut	HLA-C16:01
1	HLA-C*16:01	CRGTGAPAEL	CGTGAPAEL	0	1	1	0	0	CRGTGAPAEL	PEPLIST	0.00011899999999999999	27.938000000000002	0.09812799999999999	21.164	17292.96			NetMHCpan4_1	PeptMut	HLA-C16:01
1	HLA-C*16:01	RGTGAPAELP	RGTGAPAEL	0	0	0	0	0	RGTGAPAEL	PEPLIST	2.6000000000000002e-05	42.333	0.039414	47.606	32641.11			NetMHCpan4_1	PeptMut	HLA-C16:01
1	HLA-C*16:01	GTGAPAELPS	GTAPAELPS	0	2	1	0	0	GTGAPAELPS	PEPLIST	2e-06	70.0	0.029572	57.418	36308.81			NetMHCpan4_1	PeptMut	HLA-C16:01
1	HLA-C*16:01	TGAPAELPSP	TGAPELPSP	0	4	1	0	0	TGAPAELPSP	PEPLIST	1.6e-05	47.5	0.028422000000000003	58.743	36763.42			NetMHCpan4_1	PeptMut	HLA-C16:01
1	HLA-C*16:01	GAPAELPSPT	GAPELPSPT	0	3	1	0	0	GAPAELPSPT	PEPLIST	1.4999999999999999e-05	48.0	0.053233	37.826	28107.98			NetMHCpan4_1	PeptMut	HLA-C16:01
1	HLA-C*16:01	IVAEEFLKNV	IVAEEFLKV	0	8	1	0	0	IVAEEFLKNV	PEPLIST	0.0005200000000000001	17.488	0.147038	12.994000000000002	10186.92			NetMHCpan4_1	PeptMut	HLA-C16:01
1	HLA-C*16:01	VAEEFLKNVS	VAEEFKNVS	0	5	1	0	0	VAEEFLKNVS	PEPLIST	2.1e-05	44.5	0.058492999999999996	35.048	26552.97			NetMHCpan4_1	PeptMut	HLA-C16:01
1	HLA-C*16:01	AEEFLKNVSR	AEFLKNVSR	0	1	1	0	0	AEEFLKNVSR	PEPLIST	5e-06	60.0	0.013022	82.676	43429.02			NetMHCpan4_1	PeptMut	HLA-C16:01
1	HLA-C*16:01	EEFLKNVSRS	EEFLKNVSS	0	8	1	0	0	EEFLKNVSRS	PEPLIST	0.0	100.0	0.00787	92.48299999999999	45918.64			NetMHCpan4_1	PeptMut	HLA-C16:01
1	HLA-C*16:01	EFLKNVSRSS	EFLNVSRSS	0	3	1	0	0	EFLKNVSRSS	PEPLIST	2e-06	70.0	0.020693	69.251	39970.0			NetMHCpan4_1	PeptMut	HLA-C16:01
1	HLA-C*16:01	FLKNVSRSSG	FLKNVRSSG	0	5	1	0	0	FLKNVSRSSG	PEPLIST	6e-06	58.333	0.046732	41.92100000000001	30156.28			NetMHCpan4_1	PeptMut	HLA-C16:01
1	HLA-C*16:01	LKNVSRSSGE	LNVSRSSGE	0	1	1	0	0	LKNVSRSSGE	PEPLIST	0.0	100.0	0.013692	81.387	43115.32			NetMHCpan4_1	PeptMut	HLA-C16:01
1	HLA-C*16:01	KNVSRSSGED	KVSRSSGED	0	1	1	0	0	KNVSRSSGED	PEPLIST	0.0	100.0	0.008740000000000001	90.89200000000001	45488.43			NetMHCpan4_1	PeptMut	HLA-C16:01
1	HLA-C*16:01	NVSRSSGEDP	NSRSSGEDP	0	1	1	0	0	NVSRSSGEDP	PEPLIST	1e-06	80.0	0.014734	79.414	42631.95			NetMHCpan4_1	PeptMut	HLA-C16:01
1	HLA-C*16:01	VSRSSGEDPP	VSRSSGEPP	0	7	1	0	0	VSRSSGEDPP	PEPLIST	1.4999999999999999e-05	48.0	0.04551	42.786	30557.65			NetMHCpan4_1	PeptMut	HLA-C16:01
1	HLA-C*16:01	SRSSGEDPPR	SSSGEDPPR	0	1	1	0	0	SRSSGEDPPR	PEPLIST	1.6e-05	47.5	0.029774000000000002	57.185	36229.54			NetMHCpan4_1	PeptMut	HLA-C16:01
1	HLA-C*16:01	RSSGEDPPRR	RSSEDPPRR	0	3	1	0	0	RSSGEDPPRR	PEPLIST	0.000128	27.375	0.035638	51.049	34002.3			NetMHCpan4_1	PeptMut	HLA-C16:01
1	HLA-C*16:01	SSGEDPPRRL	SSEDPPRRL	0	2	1	0	0	SSGEDPPRRL	PEPLIST	0.027514	3.262	0.138704	14.02	11148.18			NetMHCpan4_1	PeptMut	HLA-C16:01
1	HLA-C*16:01	SGEDPPRRLT	SGDPPRRLT	0	2	1	0	0	SGEDPPRRLT	PEPLIST	0.00018700000000000002	24.4	0.029813	57.14	36214.26			NetMHCpan4_1	PeptMut	HLA-C16:01
1	HLA-C*16:01	KEVEDSELEEE	KEVEDSEEE	0	6	2	0	0	KEVEDSELEEE	PEPLIST	0.0	100.0	0.002617	97.985	48604.09			NetMHCpan4_1	PeptMut	HLA-C16:01
1	HLA-C*16:01	EVEDSELEEEH	EVEDSELEH	0	7	2	0	0	EVEDSELEEEH	PEPLIST	5e-06	60.0	0.009145	90.152	45289.53			NetMHCpan4_1	PeptMut	HLA-C16:01
1	HLA-C*16:01	VEDSELEEEHG	VSELEEEHG	0	1	2	0	0	VEDSELEEEHG	PEPLIST	0.0	100.0	0.0035229999999999997	97.287	48129.97			NetMHCpan4_1	PeptMut	HLA-C16:01
1	HLA-C*16:01	EDSELEEEHGA	EDSELEHGA	0	5	2	0	0	EDSELEEEHGA	PEPLIST	0.0	100.0	0.0021149999999999997	98.37100000000001	48868.8			NetMHCpan4_1	PeptMut	HLA-C16:01
1	HLA-C*16:01	DSELEEEHGAD	DSEEEHGAD	0	2	2	0	0	DSELEEEHGAD	PEPLIST	0.0	100.0	0.003665	97.178	48056.09			NetMHCpan4_1	PeptMut	HLA-C16:01
1	HLA-C*16:01	SELEEEHGADP	SELEHGADP	0	3	2	0	0	SELEEEHGADP	PEPLIST	0.0	100.0	0.002182	98.32	48833.38			NetMHCpan4_1	PeptMut	HLA-C16:01
1	HLA-C*16:01	ELEEEHGADPG	ELEEEHGAG	0	8	2	0	0	ELEEEHGADPG	PEPLIST	0.0	100.0	0.0027949999999999997	97.848	48510.58			NetMHCpan4_1	PeptMut	HLA-C16:01
1	HLA-C*16:01	LEEEHGADPGH	LEEEHGPGH	0	6	2	0	0	LEEEHGADPGH	PEPLIST	0.0	100.0	0.004862	96.256	47437.69			NetMHCpan4_1	PeptMut	HLA-C16:01
1	HLA-C*16:01	EEEHGADPGHL	EEEHGPGHL	0	5	2	0	0	EEEHGADPGHL	PEPLIST	1e-06	80.0	0.008346	91.61200000000001	45682.76			NetMHCpan4_1	PeptMut	HLA-C16:01
1	HLA-C*16:01	EEHGADPGHLP	EGADPGHLP	0	1	2	0	0	EEHGADPGHLP	PEPLIST	4e-06	62.5	0.006753	94.525	46476.96			NetMHCpan4_1	PeptMut	HLA-C16:01
1	HLA-C*16:01	EHGADPGHLPP	EADPGHLPP	0	1	2	0	0	EHGADPGHLPP	PEPLIST	5e-06	60.0	0.018082	73.47	41115.27			NetMHCpan4_1	PeptMut	HLA-C16:01
1	HLA-C*16:01	HGADPGHLPPA	HGADPGHLA	0	8	2	0	0	HGADPGHLPPA	PEPLIST	0.000134	27.0	0.06164	33.523	25664.06			NetMHCpan4_1	PeptMut	HLA-C16:01
1	HLA-C*16:01	GADPGHLPPAT	GADPGHLAT	0	7	2	0	0	GADPGHLPPAT	PEPLIST	7.7e-05	31.666999999999998	0.036572	50.119	33660.41			NetMHCpan4_1	PeptMut	HLA-C16:01
1	HLA-C*16:01	ADPGHLPPATG	AGHLPPATG	0	1	2	0	0	ADPGHLPPATG	PEPLIST	1e-06	80.0	0.009999	88.509	44873.0			NetMHCpan4_1	PeptMut	HLA-C16:01
1	HLA-C*16:01	DPGHLPPATGV	DPLPPATGV	0	2	2	0	0	DPGHLPPATGV	PEPLIST	2.1e-05	44.5	0.015248	78.477	42395.54			NetMHCpan4_1	PeptMut	HLA-C16:01
1	HLA-C*16:01	PGHLPPATGVR	GHLPPATGR	1	8	1	0	0	GHLPPATGVR	PEPLIST	3e-06	65.0	0.012315999999999999	84.03399999999999	43762.04			NetMHCpan4_1	PeptMut	HLA-C16:01
1	HLA-C*16:01	GHLPPATGVRE	GHLPPATGR	0	8	1	0	0	GHLPPATGVR	PEPLIST	3e-06	65.0	0.010467	87.604	44646.35			NetMHCpan4_1	PeptMut	HLA-C16:01
1	HLA-C*16:01	HLPPATGVREG	HLPPATREG	0	6	2	0	0	HLPPATGVREG	PEPLIST	5e-06	60.0	0.018378	72.982	40983.8			NetMHCpan4_1	PeptMut	HLA-C16:01
1	HLA-C*16:01	LPPATGVREGG	LPPATGVRG	0	8	2	0	0	LPPATGVREGG	PEPLIST	1e-06	80.0	0.014081999999999999	80.637	42933.77			NetMHCpan4_1	PeptMut	HLA-C16:01
1	HLA-C*16:01	PPATGVREGGP	PPATGVREP	0	8	2	0	0	PPATGVREGGP	PEPLIST	0.0	100.0	0.0026100000000000003	97.99	48607.75			NetMHCpan4_1	PeptMut	HLA-C16:01
1	HLA-C*16:01	PATGVREGGPA	PATGVGGPA	0	5	2	0	0	PATGVREGGPA	PEPLIST	0.0	100.0	0.013132	82.464	43377.37			NetMHCpan4_1	PeptMut	HLA-C16:01
1	HLA-C*16:01	ATGVREGGPAH	ATREGGPAH	0	2	2	0	0	ATGVREGGPAH	PEPLIST	0.000515	17.547	0.059192999999999996	34.696	26352.62			NetMHCpan4_1	PeptMut	HLA-C16:01
1	HLA-C*16:01	TGVREGGPAHQ	TVREGGPAH	0	1	1	0	0	TGVREGGPAH	PEPLIST	4e-06	62.5	0.016374	76.423	41882.16			NetMHCpan4_1	PeptMut	HLA-C16:01
1	HLA-C*16:01	GVREGGPAHQV	GVREPAHQV	0	4	2	0	0	GVREGGPAHQV	PEPLIST	0.00011899999999999999	27.938000000000002	0.04027	46.876000000000005	32340.19			NetMHCpan4_1	PeptMut	HLA-C16:01
1	HLA-C*16:01	VREGGPAHQVL	VGGPAHQVL	0	1	2	0	0	VREGGPAHQVL	PEPLIST	0.000715	15.63	0.09082799999999999	23.029	18714.23			NetMHCpan4_1	PeptMut	HLA-C16:01
1	HLA-C*16:01	REGGPAHQVLC	RGGPAHQVL	0	1	1	0	0	REGGPAHQVL	PEPLIST	8e-06	55.0	0.024769	63.4	38245.57			NetMHCpan4_1	PeptMut	HLA-C16:01
1	HLA-C*16:01	EGGPAHQVLCR	EGGPAHQVR	0	8	2	0	0	EGGPAHQVLCR	PEPLIST	3e-06	65.0	0.010884999999999999	86.796	44444.88			NetMHCpan4_1	PeptMut	HLA-C16:01
1	HLA-C*16:01	GGPAHQVLCRG	GPAHQVLCR	0	1	1	0	0	GGPAHQVLCR	PEPLIST	0.0	100.0	0.008292	91.711	45709.46			NetMHCpan4_1	PeptMut	HLA-C16:01
1	HLA-C*16:01	GPAHQVLCRGT	GPAHQVRGT	0	6	2	0	0	GPAHQVLCRGT	PEPLIST	0.0	100.0	0.0065439999999999995	94.90700000000001	46582.2			NetMHCpan4_1	PeptMut	HLA-C16:01
1	HLA-C*16:01	PAHQVLCRGTG	PAHQVRGTG	0	5	2	0	0	PAHQVLCRGTG	PEPLIST	0.0	100.0	0.006781000000000001	94.473	46462.91			NetMHCpan4_1	PeptMut	HLA-C16:01
1	HLA-C*16:01	AHQVLCRGTGA	AHQVRGTGA	0	4	2	0	0	AHQVLCRGTGA	PEPLIST	1e-06	80.0	0.016971	75.334	41612.5			NetMHCpan4_1	PeptMut	HLA-C16:01
1	HLA-C*16:01	HQVLCRGTGAP	HQVLGTGAP	0	4	2	0	0	HQVLCRGTGAP	PEPLIST	0.0	100.0	0.011445	85.713	44176.4			NetMHCpan4_1	PeptMut	HLA-C16:01
1	HLA-C*16:01	QVLCRGTGAPA	QVRGTGAPA	0	2	2	0	0	QVLCRGTGAPA	PEPLIST	3e-06	65.0	0.035026	51.659	34228.18			NetMHCpan4_1	PeptMut	HLA-C16:01
1	HLA-C*16:01	VLCRGTGAPAE	VLCTGAPAE	0	3	2	0	0	VLCRGTGAPAE	PEPLIST	1e-06	80.0	0.012609	83.471	43623.52			NetMHCpan4_1	PeptMut	HLA-C16:01
1	HLA-C*16:01	LCRGTGAPAEL	LGTGAPAEL	0	1	2	0	0	LCRGTGAPAEL	PEPLIST	0.000308	20.891	0.090321	23.17	18817.17			NetMHCpan4_1	PeptMut	HLA-C16:01
1	HLA-C*16:01	CRGTGAPAELP	CRTGAPAEL	0	2	1	0	0	CRGTGAPAEL	PEPLIST	0.0	100.0	0.016007	77.092	42048.8			NetMHCpan4_1	PeptMut	HLA-C16:01
1	HLA-C*16:01	RGTGAPAELPS	RGTGAPAEL	0	0	0	0	0	RGTGAPAEL	PEPLIST	3e-06	65.0	0.022451	66.64699999999999	39216.92			NetMHCpan4_1	PeptMut	HLA-C16:01
1	HLA-C*16:01	GTGAPAELPSP	GAPAELPSP	0	1	2	0	0	GTGAPAELPSP	PEPLIST	1e-06	80.0	0.010381	87.771	44687.91			NetMHCpan4_1	PeptMut	HLA-C16:01
