Pos	MHC	Peptide	Identity	Pred	Thalf(h)	%Rank_Stab	Dummy	BindLevel	Predictor	PeptType	Allele	PeptideLength
0	HLA-C*16:01	EVEDSELEEE	PEPLIST	0.0	0.07	70.0			NetMHCstabpan	PeptMut	HLA-C16:01	10
0	HLA-C*16:01	VEDSELEEEH	PEPLIST	0.0	0.08	70.0			NetMHCstabpan	PeptMut	HLA-C16:01	10
0	HLA-C*16:01	EDSELEEEHG	PEPLIST	0.0	0.06	70.0			NetMHCstabpan	PeptMut	HLA-C16:01	10
0	HLA-C*16:01	DSELEEEHGA	PEPLIST	0.0	0.09	70.0			NetMHCstabpan	PeptMut	HLA-C16:01	10
0	HLA-C*16:01	SELEEEHGAD	PEPLIST	0.0	0.07	70.0			NetMHCstabpan	PeptMut	HLA-C16:01	10
0	HLA-C*16:01	ELEEEHGADP	PEPLIST	0.0	0.08	70.0			NetMHCstabpan	PeptMut	HLA-C16:01	10
0	HLA-C*16:01	LEEEHGADPG	PEPLIST	0.0	0.08	70.0			NetMHCstabpan	PeptMut	HLA-C16:01	10
0	HLA-C*16:01	EEEHGADPGH	PEPLIST	0.0	0.08	70.0			NetMHCstabpan	PeptMut	HLA-C16:01	10
0	HLA-C*16:01	EEHGADPGHL	PEPLIST	0.001	0.1	70.0			NetMHCstabpan	PeptMut	HLA-C16:01	10
0	HLA-C*16:01	EHGADPGHLP	PEPLIST	0.0	0.07	70.0			NetMHCstabpan	PeptMut	HLA-C16:01	10
0	HLA-C*16:01	HGADPGHLPP	PEPLIST	0.003	0.12	39.0			NetMHCstabpan	PeptMut	HLA-C16:01	10
0	HLA-C*16:01	GADPGHLPPA	PEPLIST	0.027999999999999997	0.19	12.0			NetMHCstabpan	PeptMut	HLA-C16:01	10
0	HLA-C*16:01	ADPGHLPPAT	PEPLIST	0.0	0.09	70.0			NetMHCstabpan	PeptMut	HLA-C16:01	10
0	HLA-C*16:01	DPGHLPPATG	PEPLIST	0.0	0.08	70.0			NetMHCstabpan	PeptMut	HLA-C16:01	10
0	HLA-C*16:01	PGHLPPATGV	PEPLIST	0.0	0.09	70.0			NetMHCstabpan	PeptMut	HLA-C16:01	10
0	HLA-C*16:01	GHLPPATGVR	PEPLIST	0.001	0.09	70.0			NetMHCstabpan	PeptMut	HLA-C16:01	10
0	HLA-C*16:01	HLPPATGVRE	PEPLIST	0.0	0.08	70.0			NetMHCstabpan	PeptMut	HLA-C16:01	10
0	HLA-C*16:01	LPPATGVREG	PEPLIST	0.001	0.1	70.0			NetMHCstabpan	PeptMut	HLA-C16:01	10
0	HLA-C*16:01	PPATGVREGG	PEPLIST	0.0	0.08	70.0			NetMHCstabpan	PeptMut	HLA-C16:01	10
0	HLA-C*16:01	PATGVREGGP	PEPLIST	0.0	0.07	70.0			NetMHCstabpan	PeptMut	HLA-C16:01	10
0	HLA-C*16:01	ATGVREGGPA	PEPLIST	0.013999999999999999	0.16	19.0			NetMHCstabpan	PeptMut	HLA-C16:01	10
0	HLA-C*16:01	TGVREGGPAH	PEPLIST	0.002	0.11	45.0			NetMHCstabpan	PeptMut	HLA-C16:01	10
0	HLA-C*16:01	GVREGGPAHQ	PEPLIST	0.005	0.13	35.0			NetMHCstabpan	PeptMut	HLA-C16:01	10
0	HLA-C*16:01	VREGGPAHQV	PEPLIST	0.001	0.1	70.0			NetMHCstabpan	PeptMut	HLA-C16:01	10
0	HLA-C*16:01	REGGPAHQVL	PEPLIST	0.002	0.11	55.0			NetMHCstabpan	PeptMut	HLA-C16:01	10
0	HLA-C*16:01	EGGPAHQVLC	PEPLIST	0.0	0.08	70.0			NetMHCstabpan	PeptMut	HLA-C16:01	10
0	HLA-C*16:01	GGPAHQVLCR	PEPLIST	0.001	0.1	55.0			NetMHCstabpan	PeptMut	HLA-C16:01	10
0	HLA-C*16:01	GPAHQVLCRG	PEPLIST	0.004	0.12	39.0			NetMHCstabpan	PeptMut	HLA-C16:01	10
0	HLA-C*16:01	PAHQVLCRGT	PEPLIST	0.002	0.11	55.0			NetMHCstabpan	PeptMut	HLA-C16:01	10
0	HLA-C*16:01	AHQVLCRGTG	PEPLIST	0.0	0.08	70.0			NetMHCstabpan	PeptMut	HLA-C16:01	10
0	HLA-C*16:01	HQVLCRGTGA	PEPLIST	0.024	0.19	13.0			NetMHCstabpan	PeptMut	HLA-C16:01	10
0	HLA-C*16:01	QVLCRGTGAP	PEPLIST	0.002	0.11	45.0			NetMHCstabpan	PeptMut	HLA-C16:01	10
0	HLA-C*16:01	VLCRGTGAPA	PEPLIST	0.03	0.2	11.0			NetMHCstabpan	PeptMut	HLA-C16:01	10
0	HLA-C*16:01	LCRGTGAPAE	PEPLIST	0.001	0.1	55.0			NetMHCstabpan	PeptMut	HLA-C16:01	10
0	HLA-C*16:01	CRGTGAPAEL	PEPLIST	0.003	0.12	39.0			NetMHCstabpan	PeptMut	HLA-C16:01	10
0	HLA-C*16:01	RGTGAPAELP	PEPLIST	0.0	0.08	70.0			NetMHCstabpan	PeptMut	HLA-C16:01	10
0	HLA-C*16:01	GTGAPAELPS	PEPLIST	0.001	0.09	70.0			NetMHCstabpan	PeptMut	HLA-C16:01	10
0	HLA-C*16:01	TGAPAELPSP	PEPLIST	0.001	0.09	70.0			NetMHCstabpan	PeptMut	HLA-C16:01	10
0	HLA-C*16:01	GAPAELPSPT	PEPLIST	0.005	0.13	35.0			NetMHCstabpan	PeptMut	HLA-C16:01	10
0	HLA-C*16:01	IVAEEFLKNV	PEPLIST	0.037000000000000005	0.21	9.0			NetMHCstabpan	PeptMut	HLA-C16:01	10
0	HLA-C*16:01	VAEEFLKNVS	PEPLIST	0.001	0.1	55.0			NetMHCstabpan	PeptMut	HLA-C16:01	10
0	HLA-C*16:01	AEEFLKNVSR	PEPLIST	0.001	0.1	55.0			NetMHCstabpan	PeptMut	HLA-C16:01	10
0	HLA-C*16:01	EEFLKNVSRS	PEPLIST	0.0	0.08	70.0			NetMHCstabpan	PeptMut	HLA-C16:01	10
0	HLA-C*16:01	EFLKNVSRSS	PEPLIST	0.0	0.07	70.0			NetMHCstabpan	PeptMut	HLA-C16:01	10
0	HLA-C*16:01	FLKNVSRSSG	PEPLIST	0.011000000000000001	0.15	23.0			NetMHCstabpan	PeptMut	HLA-C16:01	10
0	HLA-C*16:01	LKNVSRSSGE	PEPLIST	0.0	0.08	70.0			NetMHCstabpan	PeptMut	HLA-C16:01	10
0	HLA-C*16:01	KNVSRSSGED	PEPLIST	0.0	0.06	70.0			NetMHCstabpan	PeptMut	HLA-C16:01	10
0	HLA-C*16:01	NVSRSSGEDP	PEPLIST	0.0	0.08	70.0			NetMHCstabpan	PeptMut	HLA-C16:01	10
0	HLA-C*16:01	VSRSSGEDPP	PEPLIST	0.004	0.13	35.0			NetMHCstabpan	PeptMut	HLA-C16:01	10
0	HLA-C*16:01	SRSSGEDPPR	PEPLIST	0.001	0.1	55.0			NetMHCstabpan	PeptMut	HLA-C16:01	10
0	HLA-C*16:01	RSSGEDPPRR	PEPLIST	0.006	0.14	30.0			NetMHCstabpan	PeptMut	HLA-C16:01	10
0	HLA-C*16:01	SSGEDPPRRL	PEPLIST	0.004	0.12	39.0			NetMHCstabpan	PeptMut	HLA-C16:01	10
0	HLA-C*16:01	SGEDPPRRLT	PEPLIST	0.0	0.07	70.0			NetMHCstabpan	PeptMut	HLA-C16:01	10
0	HLA-C*16:01	KEVEDSELEEE	PEPLIST	0.0	0.07	70.0			NetMHCstabpan	PeptMut	HLA-C16:01	11
0	HLA-C*16:01	EVEDSELEEEH	PEPLIST	0.001	0.09	70.0			NetMHCstabpan	PeptMut	HLA-C16:01	11
0	HLA-C*16:01	VEDSELEEEHG	PEPLIST	0.0	0.07	70.0			NetMHCstabpan	PeptMut	HLA-C16:01	11
0	HLA-C*16:01	EDSELEEEHGA	PEPLIST	0.0	0.08	70.0			NetMHCstabpan	PeptMut	HLA-C16:01	11
0	HLA-C*16:01	DSELEEEHGAD	PEPLIST	0.0	0.06	70.0			NetMHCstabpan	PeptMut	HLA-C16:01	11
0	HLA-C*16:01	SELEEEHGADP	PEPLIST	0.0	0.07	70.0			NetMHCstabpan	PeptMut	HLA-C16:01	11
0	HLA-C*16:01	ELEEEHGADPG	PEPLIST	0.0	0.08	70.0			NetMHCstabpan	PeptMut	HLA-C16:01	11
0	HLA-C*16:01	LEEEHGADPGH	PEPLIST	0.001	0.1	70.0			NetMHCstabpan	PeptMut	HLA-C16:01	11
0	HLA-C*16:01	EEEHGADPGHL	PEPLIST	0.0	0.08	70.0			NetMHCstabpan	PeptMut	HLA-C16:01	11
0	HLA-C*16:01	EEHGADPGHLP	PEPLIST	0.0	0.08	70.0			NetMHCstabpan	PeptMut	HLA-C16:01	11
0	HLA-C*16:01	EHGADPGHLPP	PEPLIST	0.0	0.08	70.0			NetMHCstabpan	PeptMut	HLA-C16:01	11
0	HLA-C*16:01	HGADPGHLPPA	PEPLIST	0.042	0.22	8.0			NetMHCstabpan	PeptMut	HLA-C16:01	11
0	HLA-C*16:01	GADPGHLPPAT	PEPLIST	0.006999999999999999	0.14	30.0			NetMHCstabpan	PeptMut	HLA-C16:01	11
0	HLA-C*16:01	ADPGHLPPATG	PEPLIST	0.0	0.07	70.0			NetMHCstabpan	PeptMut	HLA-C16:01	11
0	HLA-C*16:01	DPGHLPPATGV	PEPLIST	0.002	0.11	55.0			NetMHCstabpan	PeptMut	HLA-C16:01	11
0	HLA-C*16:01	PGHLPPATGVR	PEPLIST	0.0	0.08	70.0			NetMHCstabpan	PeptMut	HLA-C16:01	11
0	HLA-C*16:01	GHLPPATGVRE	PEPLIST	0.0	0.07	70.0			NetMHCstabpan	PeptMut	HLA-C16:01	11
0	HLA-C*16:01	HLPPATGVREG	PEPLIST	0.001	0.1	70.0			NetMHCstabpan	PeptMut	HLA-C16:01	11
0	HLA-C*16:01	LPPATGVREGG	PEPLIST	0.001	0.1	70.0			NetMHCstabpan	PeptMut	HLA-C16:01	11
0	HLA-C*16:01	PPATGVREGGP	PEPLIST	0.0	0.08	70.0			NetMHCstabpan	PeptMut	HLA-C16:01	11
0	HLA-C*16:01	PATGVREGGPA	PEPLIST	0.01	0.15	23.0			NetMHCstabpan	PeptMut	HLA-C16:01	11
0	HLA-C*16:01	ATGVREGGPAH	PEPLIST	0.012	0.16	21.0			NetMHCstabpan	PeptMut	HLA-C16:01	11
0	HLA-C*16:01	TGVREGGPAHQ	PEPLIST	0.0	0.07	70.0			NetMHCstabpan	PeptMut	HLA-C16:01	11
0	HLA-C*16:01	GVREGGPAHQV	PEPLIST	0.057	0.24	5.5			NetMHCstabpan	PeptMut	HLA-C16:01	11
0	HLA-C*16:01	VREGGPAHQVL	PEPLIST	0.001	0.1	55.0			NetMHCstabpan	PeptMut	HLA-C16:01	11
0	HLA-C*16:01	REGGPAHQVLC	PEPLIST	0.0	0.08	70.0			NetMHCstabpan	PeptMut	HLA-C16:01	11
0	HLA-C*16:01	EGGPAHQVLCR	PEPLIST	0.001	0.1	70.0			NetMHCstabpan	PeptMut	HLA-C16:01	11
0	HLA-C*16:01	GGPAHQVLCRG	PEPLIST	0.0	0.07	70.0			NetMHCstabpan	PeptMut	HLA-C16:01	11
0	HLA-C*16:01	GPAHQVLCRGT	PEPLIST	0.006	0.14	30.0			NetMHCstabpan	PeptMut	HLA-C16:01	11
0	HLA-C*16:01	PAHQVLCRGTG	PEPLIST	0.0	0.09	70.0			NetMHCstabpan	PeptMut	HLA-C16:01	11
0	HLA-C*16:01	AHQVLCRGTGA	PEPLIST	0.006	0.13	33.0			NetMHCstabpan	PeptMut	HLA-C16:01	11
0	HLA-C*16:01	HQVLCRGTGAP	PEPLIST	0.002	0.12	45.0			NetMHCstabpan	PeptMut	HLA-C16:01	11
0	HLA-C*16:01	QVLCRGTGAPA	PEPLIST	0.066	0.25	4.5			NetMHCstabpan	PeptMut	HLA-C16:01	11
0	HLA-C*16:01	VLCRGTGAPAE	PEPLIST	0.001	0.1	70.0			NetMHCstabpan	PeptMut	HLA-C16:01	11
0	HLA-C*16:01	LCRGTGAPAEL	PEPLIST	0.043	0.22	7.5			NetMHCstabpan	PeptMut	HLA-C16:01	11
0	HLA-C*16:01	CRGTGAPAELP	PEPLIST	0.0	0.07	70.0			NetMHCstabpan	PeptMut	HLA-C16:01	11
0	HLA-C*16:01	RGTGAPAELPS	PEPLIST	0.001	0.09	70.0			NetMHCstabpan	PeptMut	HLA-C16:01	11
0	HLA-C*16:01	GTGAPAELPSP	PEPLIST	0.0	0.09	70.0			NetMHCstabpan	PeptMut	HLA-C16:01	11
0	HLA-C*16:01	VEDSELEEE	PEPLIST	0.0	0.07	70.0			NetMHCstabpan	PeptMut	HLA-C16:01	9
0	HLA-C*16:01	EDSELEEEH	PEPLIST	0.0	0.07	70.0			NetMHCstabpan	PeptMut	HLA-C16:01	9
0	HLA-C*16:01	DSELEEEHG	PEPLIST	0.0	0.06	70.0			NetMHCstabpan	PeptMut	HLA-C16:01	9
0	HLA-C*16:01	SELEEEHGA	PEPLIST	0.001	0.09	70.0			NetMHCstabpan	PeptMut	HLA-C16:01	9
0	HLA-C*16:01	ELEEEHGAD	PEPLIST	0.0	0.07	70.0			NetMHCstabpan	PeptMut	HLA-C16:01	9
0	HLA-C*16:01	LEEEHGADP	PEPLIST	0.0	0.07	70.0			NetMHCstabpan	PeptMut	HLA-C16:01	9
0	HLA-C*16:01	EEEHGADPG	PEPLIST	0.0	0.06	70.0			NetMHCstabpan	PeptMut	HLA-C16:01	9
0	HLA-C*16:01	EEHGADPGH	PEPLIST	0.001	0.09	70.0			NetMHCstabpan	PeptMut	HLA-C16:01	9
0	HLA-C*16:01	EHGADPGHL	PEPLIST	0.0	0.08	70.0			NetMHCstabpan	PeptMut	HLA-C16:01	9
0	HLA-C*16:01	HGADPGHLP	PEPLIST	0.001	0.09	70.0			NetMHCstabpan	PeptMut	HLA-C16:01	9
0	HLA-C*16:01	GADPGHLPP	PEPLIST	0.003	0.12	39.0			NetMHCstabpan	PeptMut	HLA-C16:01	9
0	HLA-C*16:01	ADPGHLPPA	PEPLIST	0.002	0.11	55.0			NetMHCstabpan	PeptMut	HLA-C16:01	9
0	HLA-C*16:01	DPGHLPPAT	PEPLIST	0.001	0.1	70.0			NetMHCstabpan	PeptMut	HLA-C16:01	9
0	HLA-C*16:01	PGHLPPATG	PEPLIST	0.0	0.07	70.0			NetMHCstabpan	PeptMut	HLA-C16:01	9
0	HLA-C*16:01	GHLPPATGV	PEPLIST	0.004	0.12	39.0			NetMHCstabpan	PeptMut	HLA-C16:01	9
0	HLA-C*16:01	HLPPATGVR	PEPLIST	0.003	0.12	45.0			NetMHCstabpan	PeptMut	HLA-C16:01	9
0	HLA-C*16:01	LPPATGVRE	PEPLIST	0.001	0.1	70.0			NetMHCstabpan	PeptMut	HLA-C16:01	9
0	HLA-C*16:01	PPATGVREG	PEPLIST	0.0	0.08	70.0			NetMHCstabpan	PeptMut	HLA-C16:01	9
0	HLA-C*16:01	PATGVREGG	PEPLIST	0.0	0.07	70.0			NetMHCstabpan	PeptMut	HLA-C16:01	9
0	HLA-C*16:01	ATGVREGGP	PEPLIST	0.0	0.07	70.0			NetMHCstabpan	PeptMut	HLA-C16:01	9
0	HLA-C*16:01	TGVREGGPA	PEPLIST	0.003	0.12	39.0			NetMHCstabpan	PeptMut	HLA-C16:01	9
0	HLA-C*16:01	GVREGGPAH	PEPLIST	0.063	0.25	4.5			NetMHCstabpan	PeptMut	HLA-C16:01	9
0	HLA-C*16:01	VREGGPAHQ	PEPLIST	0.0	0.08	70.0			NetMHCstabpan	PeptMut	HLA-C16:01	9
0	HLA-C*16:01	REGGPAHQV	PEPLIST	0.002	0.12	45.0			NetMHCstabpan	PeptMut	HLA-C16:01	9
0	HLA-C*16:01	EGGPAHQVL	PEPLIST	0.002	0.11	55.0			NetMHCstabpan	PeptMut	HLA-C16:01	9
0	HLA-C*16:01	GGPAHQVLC	PEPLIST	0.0	0.08	70.0			NetMHCstabpan	PeptMut	HLA-C16:01	9
0	HLA-C*16:01	GPAHQVLCR	PEPLIST	0.087	0.28	2.5			NetMHCstabpan	PeptMut	HLA-C16:01	9
0	HLA-C*16:01	PAHQVLCRG	PEPLIST	0.0	0.09	70.0			NetMHCstabpan	PeptMut	HLA-C16:01	9
0	HLA-C*16:01	AHQVLCRGT	PEPLIST	0.001	0.09	70.0			NetMHCstabpan	PeptMut	HLA-C16:01	9
0	HLA-C*16:01	HQVLCRGTG	PEPLIST	0.001	0.09	70.0			NetMHCstabpan	PeptMut	HLA-C16:01	9
0	HLA-C*16:01	QVLCRGTGA	PEPLIST	0.018000000000000002	0.17	16.0			NetMHCstabpan	PeptMut	HLA-C16:01	9
0	HLA-C*16:01	VLCRGTGAP	PEPLIST	0.002	0.11	55.0			NetMHCstabpan	PeptMut	HLA-C16:01	9
0	HLA-C*16:01	LCRGTGAPA	PEPLIST	0.064	0.25	4.5			NetMHCstabpan	PeptMut	HLA-C16:01	9
0	HLA-C*16:01	CRGTGAPAE	PEPLIST	0.0	0.07	70.0			NetMHCstabpan	PeptMut	HLA-C16:01	9
0	HLA-C*16:01	RGTGAPAEL	PEPLIST	0.005	0.13	33.0			NetMHCstabpan	PeptMut	HLA-C16:01	9
0	HLA-C*16:01	GTGAPAELP	PEPLIST	0.0	0.08	70.0			NetMHCstabpan	PeptMut	HLA-C16:01	9
0	HLA-C*16:01	TGAPAELPS	PEPLIST	0.001	0.1	70.0			NetMHCstabpan	PeptMut	HLA-C16:01	9
0	HLA-C*16:01	GAPAELPSP	PEPLIST	0.001	0.1	70.0			NetMHCstabpan	PeptMut	HLA-C16:01	9
0	HLA-C*16:01	APAELPSPT	PEPLIST	0.055999999999999994	0.24	5.5			NetMHCstabpan	PeptMut	HLA-C16:01	9
0	HLA-C*16:01	VAEEFLKNV	PEPLIST	0.006999999999999999	0.14	28.0			NetMHCstabpan	PeptMut	HLA-C16:01	9
0	HLA-C*16:01	AEEFLKNVS	PEPLIST	0.0	0.07	70.0			NetMHCstabpan	PeptMut	HLA-C16:01	9
0	HLA-C*16:01	EEFLKNVSR	PEPLIST	0.002	0.11	45.0			NetMHCstabpan	PeptMut	HLA-C16:01	9
0	HLA-C*16:01	EFLKNVSRS	PEPLIST	0.0	0.07	70.0			NetMHCstabpan	PeptMut	HLA-C16:01	9
0	HLA-C*16:01	FLKNVSRSS	PEPLIST	0.016	0.17	18.0			NetMHCstabpan	PeptMut	HLA-C16:01	9
0	HLA-C*16:01	LKNVSRSSG	PEPLIST	0.0	0.09	70.0			NetMHCstabpan	PeptMut	HLA-C16:01	9
0	HLA-C*16:01	KNVSRSSGE	PEPLIST	0.0	0.08	70.0			NetMHCstabpan	PeptMut	HLA-C16:01	9
0	HLA-C*16:01	NVSRSSGED	PEPLIST	0.0	0.07	70.0			NetMHCstabpan	PeptMut	HLA-C16:01	9
0	HLA-C*16:01	VSRSSGEDP	PEPLIST	0.001	0.1	55.0			NetMHCstabpan	PeptMut	HLA-C16:01	9
0	HLA-C*16:01	SRSSGEDPP	PEPLIST	0.0	0.07	70.0			NetMHCstabpan	PeptMut	HLA-C16:01	9
0	HLA-C*16:01	RSSGEDPPR	PEPLIST	0.008	0.14	26.0			NetMHCstabpan	PeptMut	HLA-C16:01	9
0	HLA-C*16:01	SSGEDPPRR	PEPLIST	0.002	0.11	55.0			NetMHCstabpan	PeptMut	HLA-C16:01	9
0	HLA-C*16:01	SGEDPPRRL	PEPLIST	0.0	0.08	70.0			NetMHCstabpan	PeptMut	HLA-C16:01	9
0	HLA-C*16:01	GEDPPRRLT	PEPLIST	0.0	0.07	70.0			NetMHCstabpan	PeptMut	HLA-C16:01	9
